{
    "0": {
        "precision": 1.0,
        "recall": 0.06666666666666667,
        "f1-score": 0.125,
        "support": 15.0
    },
    "1": {
        "precision": 0.38461538461538464,
        "recall": 1.0,
        "f1-score": 0.5555555555555556,
        "support": 15.0
    },
    "2": {
        "precision": 0.0,
        "recall": 0.0,
        "f1-score": 0.0,
        "support": 15.0
    },
    "3": {
        "precision": 0.0,
        "recall": 0.0,
        "f1-score": 0.0,
        "support": 15.0
    },
    "4": {
        "precision": 0.14893617021276595,
        "recall": 0.4666666666666667,
        "f1-score": 0.22580645161290322,
        "support": 15.0
    },
    "5": {
        "precision": 0.0,
        "recall": 0.0,
        "f1-score": 0.0,
        "support": 15.0
    },
    "6": {
        "precision": 0.2631578947368421,
        "recall": 0.3333333333333333,
        "f1-score": 0.29411764705882354,
        "support": 15.0
    },
    "7": {
        "precision": 0.25806451612903225,
        "recall": 0.5333333333333333,
        "f1-score": 0.34782608695652173,
        "support": 15.0
    },
    "8": {
        "precision": 0.6153846153846154,
        "recall": 0.5333333333333333,
        "f1-score": 0.5714285714285714,
        "support": 15.0
    },
    "9": {
        "precision": 0.0,
        "recall": 0.0,
        "f1-score": 0.0,
        "support": 15.0
    },
    "accuracy": 0.29333333333333333,
    "macro avg": {
        "precision": 0.267015858107864,
        "recall": 0.29333333333333333,
        "f1-score": 0.21197343126123752,
        "support": 150.0
    },
    "weighted avg": {
        "precision": 0.26701585810786405,
        "recall": 0.29333333333333333,
        "f1-score": 0.21197343126123755,
        "support": 150.0
    }
}